{"train_loss": [25.124346341027152, 8.674215009477404, 7.603651343451606, 5.831457964579264, 4.548668895827399, 3.3545527034335665, 3.127168477906121, 2.866261339187622, 2.7716489447487724, 2.1003580066892837], "valid_loss": [8.903951946057772, 8.632491538399144, 5.026774067627756, 5.78706357353612, 3.523608546507986, 3.878489111599169, 4.2234038302772925, 3.4263640830391333, 3.5494235314820943, 2.3319249906037984]}