{"train_loss": [64.4898740556505, 14.959824657440185, 4.922234884897867, 2.5184374226464166, 1.5454094833797878, 1.3978395223617555, 1.2917523682117462, 0.9995878193113539, 0.8925835086239708, 0.7238014115227593], "valid_loss": [26.81991948579487, 7.207752930490594, 4.2439279932724805, 5.480928671987433, 2.2042124961551868, 2.0886592425798116, 1.77875774785092, 1.7338784556639821, 1.6230012429387946, 1.3403734219701666]}