{"train_loss": [6.470095835791694, 2.223829294575585, 1.2288234803411695, 1.015798466735416, 0.8825157887405819, 0.7678152660528819, 0.6677312552928925, 0.6476752440134684, 0.5244387772348192, 0.5064536856280433], "valid_loss": [15.719424699482165, 5.8037221682699105, 4.267655924746864, 3.8088422072561166, 3.412059031034771, 3.3795767834312036, 3.5849749414544356, 2.3805032403845536, 2.759792076913934, 2.5469625498119153]}