{"train_loss": [16.000642183091905, 5.961526944902208, 5.368295682801141, 3.6016915215386285, 3.534260964393616, 2.7531062258614436, 2.1791969590716893, 2.200161327256097, 1.671482186847263, 1.6949941555658976], "valid_loss": [10.8568629716572, 4.643544648822985, 4.2595889819295785, 4.897946332630358, 3.4457688959021318, 3.3159665183017126, 3.7620793392783716, 2.4731439665744177, 2.5622578859329224, 2.1898066119143835]}