{"train_loss": [6.36851938035753, 2.229830667707655, 1.180305196179284, 0.9990621580017938, 0.7994898862308926, 0.6621878412034776, 0.6071348441971673, 0.5444406155082915, 0.49917627109421625, 0.37450392014450495], "valid_loss": [20.79102817334627, 7.124181596856368, 4.496503704472592, 3.8883314258173893, 3.5661360527339734, 2.5050372010783146, 2.9080381895366467, 1.9741828127911216, 1.9036283932234113, 1.821595825647053]}