{"train_loss": [17.428168063693576, 8.280354324976603, 6.127558485666911, 4.528336074617174, 3.754794796307882, 3.300820581118266, 2.491766851478153, 2.416789754231771, 2.4029532273610434, 1.9145951204829745], "valid_loss": [10.020289872822008, 5.497675155338488, 8.352188235835024, 3.443073950315777, 4.921633419237639, 2.8822195529937744, 2.8394061389722323, 2.479765866932116, 2.520887701134933, 2.389519816950748]}