{"train_loss": [6.578913667466906, 2.274114571677314, 1.18542015420066, 0.9673655986785888, 0.7862830761406157, 0.71000899804963, 0.5490387962924109, 0.5170185950067309, 0.49090241657363043, 0.38889079689979555], "valid_loss": [22.46954958062423, 8.719415062352232, 4.048645697141948, 4.862754595907111, 4.036647119020161, 2.5706509602697274, 2.2350135978899504, 2.0972981013749776, 2.245173454284668, 1.6945498930780512]}