{"train_loss": [61.49160147772895, 14.366939703623453, 4.075155562824673, 1.9803871260748969, 1.6248995767699348, 1.2683641142315334, 1.0219386902120378, 0.9305859062406752, 0.8317759500609504, 0.8512528419494629], "valid_loss": [33.265397322805306, 7.805945998743961, 3.4026108290019788, 3.076883868167275, 2.301833384915402, 2.0467805235009444, 1.669237682693883, 1.8560683413555747, 1.4771484387548346, 1.6704584109155756]}