{"train_loss": [6.428922616110908, 2.160396915011936, 1.1673842787742614, 1.011689802010854, 0.7884455634488, 0.7046199215783013, 0.6656777838865916, 0.5320261975129446, 0.47184393405914304, 0.41183881594075095], "valid_loss": [16.19743281916568, 3.9323815295570776, 3.6446719420583626, 3.2609249980826127, 2.443649279443841, 2.509674210297434, 2.2768220274071944, 2.321464595041777, 2.0615500180344832, 1.9929365264741998]}