{"train_loss": [66.47806972927518, 15.510785886976453, 4.87309718132019, 2.551605717341105, 1.8851968950695461, 1.4738659924930997, 1.3143482300970288, 1.099821584092246, 1.1252085341347589, 0.8875952310032315], "valid_loss": [30.89339778297826, 10.938131558267694, 7.297986482319079, 2.6884907421312834, 2.732971429824829, 2.1045478896090857, 2.119848370552063, 2.5475911843149284, 1.6312099632463957, 1.4995195269584656]}