{"train_loss": [6.467705117331611, 2.2500246471828884, 1.2278381056255765, 0.9344789412286546, 0.8260383943716685, 0.6604565064112345, 0.6166680620776283, 0.5605800324016147, 0.48268591066201527, 0.47132174770037333], "valid_loss": [15.940163612365723, 4.647342393272801, 7.641248753196315, 2.8175922004800094, 2.6712664679477087, 2.747352869887101, 2.298777548890365, 1.8850802685085095, 1.6221868615401418, 1.7714663179297196]}