{"train_loss": [7.020943917168511, 2.5752439035309687, 1.258236257235209, 1.0684166510899862, 0.8660501254929437, 0.7477790428532495, 0.7034410774707794, 0.5677032695876227, 0.5788777185810937, 0.4667432960536745], "valid_loss": [19.95140437075966, 6.061694521653025, 5.245504655336079, 4.252199423940558, 2.82990636951045, 3.370019975461458, 2.7126182380475496, 2.312271808323107, 2.170316319716604, 1.7948539508016486]}