{"train_loss": [61.77588075002034, 13.086797449323866, 4.154046278529697, 2.7023895528581408, 1.5857244319385952, 1.2828594909773932, 1.1015827814737955, 0.8848999381065369, 0.9069287684228685, 0.7581069701247745, 0.6884832438495424, 0.6466641121440464], "valid_loss": [21.04145456615247, 9.835169415724906, 4.125780594976325, 2.3070368453076013, 2.1228851644616378, 1.9532259075265181, 1.5345788409835415, 1.697428744090231, 1.5036496865121942, 1.4648325662863881, 1.6023800624044318, 1.2549753973358555]}