{"train_loss": [30.30168692270915, 9.154229513804118, 7.876816315121121, 7.293631066216363, 5.580547793706258, 4.783712400330438, 3.6742147737079196, 2.8225826263427733, 2.6892147647009956, 2.104783101876577], "valid_loss": [10.007072498923854, 7.407272150641994, 5.079665522826345, 8.578868439323024, 4.311679852636237, 3.5286343097686768, 3.591296434402466, 2.888531578214545, 2.6412303698690316, 2.564202641185961]}