{"train_loss": [62.1646167755127, 14.125169139438205, 4.523706150054932, 2.2441913472281563, 1.8933006604512532, 1.3671186023288302, 1.268681169880761, 1.0443175792694093, 0.9170495510101319, 0.8468586501148012], "valid_loss": [23.825797131187038, 17.964723536842747, 4.224662856051796, 3.0639085142236007, 2.64899017936305, 2.0015858286305477, 2.2399848887794898, 2.2710613137797306, 1.8942723086005764, 1.6231753261465776]}