{"train_loss": [6.732558764351738, 2.4782679902182685, 1.235484700732761, 1.0155004262924194, 0.8859121527936723, 0.7480717857678731, 0.6504795259899563, 0.5945965230464936, 0.49187143875492945, 0.4772137602170308], "valid_loss": [25.84839509662829, 7.147213659788433, 4.431516258340133, 3.566179815091585, 3.215209546842073, 2.814602757755079, 2.5608891750636853, 3.144494809602436, 2.4646805713051245, 2.3243792935421594]}