{"train_loss": [6.392360756132338, 2.2514027489556208, 1.2531164328257243, 0.9930891255537669, 0.9040542006492615, 0.7949239280488756, 0.6925036443604363, 0.6462030529975891, 0.522659628921085, 0.5401744643847147], "valid_loss": [23.881538591886823, 5.475194253419575, 4.069906234741211, 4.169047732102244, 3.6729229123968827, 5.055887837159006, 1.990116840914676, 2.139045502010145, 1.9979641688497443, 2.2486944449575326]}