{"train_loss": [6.781059975094266, 2.339597863621182, 1.195306654771169, 1.059314364857144, 0.8710510161187913, 0.7890972971916199, 0.690313333272934, 0.6327171597215865, 0.5484314448303647, 0.48339396913846333], "valid_loss": [26.778881976478978, 6.272683319292571, 6.209818312996312, 4.529063877306487, 3.5802782209295976, 2.6016036899466264, 2.2862595319747925, 2.5221010195581535, 2.6391370359220003, 1.9384071262259233]}