{"train_loss": [61.508604515923395, 13.421777375539143, 3.9307942231496176, 1.9640387985441419, 1.5700960252020093, 1.0998806688520644, 0.9390750838650598, 0.9134562459256914, 0.6901360306474897, 0.6066714316606522], "valid_loss": [15.748635392439994, 5.838253397690623, 2.9683162350403633, 3.1701122083162008, 2.618381431228236, 2.2508825565639294, 1.7798463984539634, 2.2790372999090898, 1.6407678440997475, 2.1916307587372628]}