{"train_loss": [24.129617351955837, 8.335114998287624, 7.31382008128696, 5.675916745927599, 4.635226371553209, 3.6335499842961627, 3.7133218314912586, 3.270020752482944, 2.273322770330641, 2.1809611982769437], "valid_loss": [7.939523295352333, 7.281657645576878, 6.573436197481658, 5.08779051429347, 3.6078180137433504, 7.393145862378572, 3.0337231974852714, 2.8653713715703866, 2.53395624537217, 2.571355888718053]}