{"train_loss": [15.506805388132731, 7.116302098168267, 5.448359113269382, 4.416843806372748, 3.391624641418457, 2.782304867108663, 2.9582049237357246, 2.178428308169047, 1.8992623196707832, 1.7768571654955545], "valid_loss": [7.480260698418868, 11.37815651140715, 7.883539250022487, 3.47845637170892, 3.5094166931353117, 4.830105179234555, 2.7413645292583264, 3.8172783977107, 2.4237466736843714, 2.24407916947415]}