{"train_loss": [68.01959614223904, 16.96944145626492, 5.009182494216495, 2.5853206104702418, 1.8770033915837605, 1.4599189466900295, 1.179535706837972, 0.8997394979000092, 0.8417938689390818, 0.8511557492944929], "valid_loss": [27.219970000417607, 10.001101518932142, 3.2855938484794214, 3.196463283739592, 2.821181949816252, 1.9541419242557727, 2.358452420485647, 1.5470692672227557, 1.749519053258394, 1.4608916295202155]}