{"train_loss": [64.89759396447076, 14.368448978000217, 4.32475290828281, 2.1905858569675023, 1.6664662665790981, 1.508068573474884, 1.1608433299594456, 0.9270448476076126, 0.873184413380093, 0.759656407435735], "valid_loss": [23.264765287700452, 9.567571991368345, 3.1781786115545976, 2.817980320830094, 2.0223648924576607, 2.000190408606278, 1.9084439654099314, 1.9140338144804303, 1.5022299164219906, 1.6639013510001333]}