{"train_loss": [63.67054773966471, 14.139418178134495, 4.408740101920234, 2.0606852716869777, 1.5899427281485663, 1.2329676469167075, 1.0584787958198123, 1.032907521724701, 1.0237374669975705, 0.9350747254159716], "valid_loss": [36.70089380364669, 6.362891799525211, 9.563452620255319, 2.9544441386273035, 3.161861727112218, 2.281133670555918, 1.7565998591874774, 1.8025434550486112, 1.488323820264716, 1.583950030176263]}