{"train_loss": [65.24877654181586, 15.659816445244683, 4.56684021419949, 2.3984790643056235, 1.7868571241696676, 1.4633574379814995, 1.2075120687484742, 0.9940318882465362, 0.8332808640268113, 0.7748699698183271], "valid_loss": [26.469725056698447, 7.5586584241766674, 3.177589880792718, 3.0285633049513163, 3.4273495046715987, 1.8409506772693836, 2.0683926187063517, 1.5919324441959983, 1.726163901780781, 1.447710394859314]}