{"train_loss": [15.17445642683241, 6.9542151980929905, 5.370288499196371, 3.699390596813626, 3.5181701607174345, 3.0542897754245333, 2.3738796869913736, 2.1966320435206095, 2.472917821672228, 1.9467818829748365], "valid_loss": [8.02834237249274, 6.057681184065969, 4.019618260233026, 3.1483478357917383, 5.880868196487427, 2.500298594173632, 2.567767356571398, 3.525358062041433, 3.038111586319773, 2.808741055036846]}