{"train_loss": [26.79169529808892, 8.400430308447945, 7.3115008989969885, 5.193248430887858, 4.196519639756945, 4.039698905415005, 3.3713437663184274, 3.372335155804952, 2.3667622235086228, 2.173091334766812], "valid_loss": [8.71065734562121, 7.774792420236688, 7.092785383525648, 5.015757723858482, 4.205901396901984, 4.354899293497989, 3.5214256110944246, 5.397597388217323, 2.532290904145492, 2.573786126939874]}