{"train_loss": [34.76584284040663, 8.50353962580363, 7.5338135401407875, 6.121855571534899, 4.743355650371975, 3.720923664834764, 3.399712904294332, 3.0799000740051268, 2.6640244589911566, 2.818524776564704], "valid_loss": [10.777182880200838, 15.157464629725405, 8.389004958303351, 7.601667805721886, 4.500055187626889, 4.23136419998972, 3.2869496596486947, 3.797424692856638, 3.309814082948785, 3.0628068447113037]}