{"train_loss": [6.74361809624566, 2.498064560360379, 1.1613887151082356, 0.9854594998889499, 0.7874990284442902, 0.6707061681482527, 0.5949953152073755, 0.5348638759719001, 0.4961912840604782, 0.41074915329615275], "valid_loss": [20.095912381222373, 4.8779784503735995, 5.243903498900564, 3.570605993270874, 3.163047238400108, 2.832970016881039, 2.0492259201250578, 2.054436495429591, 1.743488951733238, 1.6571368418241803]}