{"train_loss": [6.710867706934611, 2.3882616970274184, 1.215763959619734, 1.0157883008321127, 0.8486581179830763, 0.7936334914631313, 0.6662886301676433, 0.5229616297615899, 0.4866710987355974, 0.468063928021325], "valid_loss": [96.26247526469983, 5.718490977036326, 4.979187488555908, 3.690986344688817, 3.009811909575211, 3.0347908923500464, 2.086757070139835, 2.946512868529872, 1.909169244138818, 1.782914892623299]}