{"train_loss": [63.23636525472005, 14.49289517932468, 4.2973299741745, 2.447442234887017, 1.6644003642929925, 1.3591383284992642, 1.1204966028531393, 0.9982725560665131, 0.8753328111436632, 0.7898860805564456], "valid_loss": [46.490683906956725, 11.948389454891807, 4.134763504329481, 4.253393725345009, 2.747706231318022, 3.05958302397477, 1.8691193994722868, 1.859964878935563, 1.9829092464948956, 1.569138068901865]}