{"train_loss": [21.099674627516006, 8.20290241241455, 7.478640355004204, 5.887248026000129, 4.197218200895521, 3.5411372741063434, 3.1140061378479005, 2.467432647281223, 2.3910697221755983, 1.806784036424425, 1.7374245670106676, 1.5597001261181302, 1.6809323337343005, 1.4513687425189548, 1.4265691796938578], "valid_loss": [8.235023799695467, 7.39151292098196, 6.972595716777601, 6.1633124351501465, 3.5702914062299227, 3.0820427693818746, 3.127113994799162, 2.518535908899809, 2.8593149185180664, 2.3746174134706197, 2.7968119320116545, 2.335851129732634, 2.902305508914747, 1.9993991914548372, 2.160606158407111]}