{"train_loss": [36.60413756900363, 8.596165731218125, 7.528343645731608, 5.99160000483195, 5.283573034074571, 4.253565793567233, 4.029712549845377, 3.5470986207326254, 3.1779210593965317, 3.0045381996366713], "valid_loss": [8.636905168232165, 7.784328561080129, 6.4110754163641674, 8.051624699642783, 5.003604788529246, 4.265422030499107, 3.435658906635485, 4.55349178063242, 3.5507502242138513, 4.870217473883378]}