{"train_loss": [65.84438947041829, 14.265449693467882, 4.492505807346768, 2.454008260038164, 1.7685599856906467, 1.1995642542839051, 1.2512519584761725, 0.959115641646915, 0.9091746131579082, 0.8662437319755554], "valid_loss": [20.411002912019427, 9.469360025305496, 4.937195012443944, 3.266760593966434, 2.9199509181474386, 2.1755493408755253, 2.075388557032535, 1.8390405805487382, 1.4576387342653776, 1.819910162373593]}